{
    "answer_exact_match": 0.2921589310829817,
    "answer_citation_recall": 0.49225060277275473,
    "answer_citation_precision": 0.8100701083492671
}