{
    "answer_exact_match": 0.4170534458509142,
    "answer_citation_recall": 0.5808795459111914,
    "answer_citation_precision": 0.788681204569055
}