{
    "answer_exact_match": 0.3699542897327708,
    "answer_citation_recall": 0.6328197207152902,
    "answer_citation_precision": 0.8281718281718282
}