{
    "answer_exact_match": 0.37202883263009845,
    "answer_citation_recall": 0.6047329457930724,
    "answer_citation_precision": 0.744484556758925
}