{
    "answer_exact_match": 0.3428973277074543,
    "answer_citation_recall": 0.566895218002813,
    "answer_citation_precision": 0.8382519863791147
}