{
    "answer_exact_match": 0.34504219409282705,
    "answer_citation_recall": 0.5594480062834494,
    "answer_citation_precision": 0.7248677248677249
}