{
    "answer_exact_match": 0.3334739803094233,
    "answer_citation_recall": 0.5590039180229054,
    "answer_citation_precision": 0.8004201680672269
}