{
    "answer_rouge_correctness": 0.2548292585536276,
    "answer_citation_recall": 0.10667063492063492,
    "answer_citation_precision": 0.9397590361445783
}