{
    "answer_claim_recall": 0.17766666666666667,
    "answer_citation_recall": 0.34007738095238094,
    "answer_citation_precision": 0.7563654518222666
}