{
    "nli_claim": 11.5,
    "citation_recall": 26.623809523809523,
    "citation_precision": 74.54545454545455
}